{"cameraMode":{"drawMode":0,"name":"Shaded","section":"Shading Mode"},"sceneLighting":true,"audioPlay":false,"sceneViewState":{"m_AlwaysRefresh":false,"showFog":true,"showSkybox":true,"showFlares":true,"showImageEffects":true,"showParticleSystems":true,"showVisualEffectGraphs":true,"m_FxEnabled":true},"in2DMode":false,"pivot":{"x":-16.210798263549806,"y":1.248307228088379,"z":8.437965393066407},"rotation":{"x":-0.019640054553747178,"y":0.8374549746513367,"z":0.030161399394273759,"w":0.545322060585022},"size":5.942463397979736,"orthographic":false}